id;source;text;url
1;Armenia compelling;Fresh Codes specifically reserved for testing purposes;https://ross.com
2;maximize;Metal Health Garden;https://lorna.net
3;Keyboard optimizing;primary;https://jason.net
4;implement Borders;pink violet;https://roman.net
5;action-items;Flat orchid ADP;https://delfina.com
6;leading-edge;Somoni Road;http://daphney.info
7;Auto Loan Account enterprise;initiatives Shirt internet solution;https://minerva.name
8;generate invoice Avon;Money Market Account Ergonomic Plastic Table Infrastructure;https://vicenta.biz
9;structure;Intelligent Wooden Keyboard Unbranded Cambridgeshire;https://tiffany.info
10;content-based;mission-critical;http://al.net
